{"cameraMode":{"drawMode":0,"name":"Shaded","section":"Shading Mode"},"sceneLighting":true,"audioPlay":false,"sceneViewState":{"m_AlwaysRefresh":false,"showFog":true,"showSkybox":true,"showFlares":true,"showImageEffects":true,"showParticleSystems":true,"showVisualEffectGraphs":true,"m_FxEnabled":true},"in2DMode":false,"pivot":{"x":17.082290649414064,"y":7.550315856933594,"z":0.14120769500732423},"rotation":{"x":-0.03133754804730415,"y":0.9086210131645203,"z":0.0693676546216011,"w":0.41066357493400576},"size":16.364994049072267,"orthographic":false}